{"time_last_update":1776729743,"weights":{"frec":0.7,"rece":0.3},"init_weights":{"frec":0.7,"rece":0.3},"norms":{"rece":{"beta":0.001,"mean":2.0089267058844937,"var":1.0189147306652555},"frec":{"beta":0.001,"mean":20763.059880089968,"var":2.7886266656258134}},"score_map":{"mstEueG4N8e8":{"frec":17.929094133406196,"rece":3.9537563570040812,"final":13.73649280048556},"vZ5CXQxc9rAb":{"frec":-0.03585809853059143,"rece":0.981779256890575,"final":0.2694331080957585}}}